<?xml version='1.0' encoding='utf-8'?>
<project xmlns:ns1="http://www.plcopen.org/xml/tc6.xsd" xmlns:xhtml="http://www.w3.org/1999/xhtml" xmlns:xsd="http://www.w3.org/2001/XMLSchema" xmlns="http://www.plcopen.org/xml/tc6_0201">
  <fileHeader companyName="Unknown" productName="Unnamed" productVersion="1" creationDateTime="2022-08-28T09:31:18"/>
  <contentHeader name="Unnamed" modificationDateTime="2022-08-28T09:47:39">
    <coordinateInfo>
      <fbd>
        <scaling x="10" y="10"/>
      </fbd>
      <ld>
        <scaling x="10" y="10"/>
      </ld>
      <sfc>
        <scaling x="10" y="10"/>
      </sfc>
    </coordinateInfo>
  </contentHeader>
  <types>
    <dataTypes/>
    <pous>
      <pou name="program0" pouType="program">
        <interface>
          <localVars>
            <variable name="led" address="%QX0.1">
              <type>
                <BOOL/>
              </type>
            </variable>
          </localVars>
          <localVars>
            <variable name="delay">
              <type>
                <TIME/>
              </type>
              <initialValue>
                <simpleValue value="T#2S"/>
              </initialValue>
            </variable>
            <variable name="TP0">
              <type>
                <derived name="TP"/>
              </type>
            </variable>
            <variable name="TON0">
              <type>
                <derived name="TON"/>
              </type>
            </variable>
            <variable name="val">
              <type>
                <BOOL/>
              </type>
            </variable>
          </localVars>
        </interface>
        <body>
          <LD>
            <block localId="1" typeName="TP" instanceName="TP0" height="60" width="50">
              <position x="360" y="70"/>
              <inputVariables>
                <variable formalParameter="IN">
                  <connectionPointIn>
                    <relPosition x="0" y="30"/>
                    <connection refLocalId="9">
                      <position x="360" y="100"/>
                      <position x="210" y="100"/>
                    </connection>
                  </connectionPointIn>
                </variable>
                <variable formalParameter="PT">
                  <connectionPointIn>
                    <relPosition x="0" y="50"/>
                    <connection refLocalId="4">
                      <position x="360" y="120"/>
                      <position x="340" y="120"/>
                      <position x="340" y="140"/>
                      <position x="320" y="140"/>
                    </connection>
                  </connectionPointIn>
                </variable>
              </inputVariables>
              <inOutVariables/>
              <outputVariables>
                <variable formalParameter="Q">
                  <connectionPointOut>
                    <relPosition x="50" y="30"/>
                  </connectionPointOut>
                </variable>
                <variable formalParameter="ET">
                  <connectionPointOut>
                    <relPosition x="50" y="50"/>
                  </connectionPointOut>
                </variable>
              </outputVariables>
            </block>
            <block localId="2" typeName="TON" instanceName="TON0" height="60" width="50">
              <position x="360" y="220"/>
              <inputVariables>
                <variable formalParameter="IN">
                  <connectionPointIn>
                    <relPosition x="0" y="30"/>
                    <connection refLocalId="7">
                      <position x="360" y="250"/>
                      <position x="290" y="250"/>
                    </connection>
                  </connectionPointIn>
                </variable>
                <variable formalParameter="PT">
                  <connectionPointIn>
                    <relPosition x="0" y="50"/>
                    <connection refLocalId="3">
                      <position x="360" y="270"/>
                      <position x="320" y="270"/>
                      <position x="320" y="280"/>
                      <position x="280" y="280"/>
                    </connection>
                  </connectionPointIn>
                </variable>
              </inputVariables>
              <inOutVariables/>
              <outputVariables>
                <variable formalParameter="Q">
                  <connectionPointOut>
                    <relPosition x="50" y="30"/>
                  </connectionPointOut>
                </variable>
                <variable formalParameter="ET">
                  <connectionPointOut>
                    <relPosition x="50" y="50"/>
                  </connectionPointOut>
                </variable>
              </outputVariables>
            </block>
            <inVariable localId="4" height="30" width="50" negated="false">
              <position x="270" y="120"/>
              <connectionPointOut>
                <relPosition x="50" y="20"/>
              </connectionPointOut>
              <expression>delay</expression>
            </inVariable>
            <leftPowerRail localId="5" height="80" width="10">
              <position x="100" y="80"/>
              <connectionPointOut formalParameter="">
                <relPosition x="10" y="20"/>
              </connectionPointOut>
            </leftPowerRail>
            <rightPowerRail localId="6" height="80" width="10">
              <position x="590" y="80"/>
              <connectionPointIn>
                <relPosition x="0" y="20"/>
                <connection refLocalId="8">
                  <position x="590" y="100"/>
                  <position x="521" y="100"/>
                </connection>
              </connectionPointIn>
              <connectionPointIn>
                <relPosition x="0" y="60"/>
                <connection refLocalId="11">
                  <position x="590" y="140"/>
                  <position x="540" y="140"/>
                  <position x="540" y="240"/>
                  <position x="500" y="240"/>
                </connection>
              </connectionPointIn>
            </rightPowerRail>
            <contact localId="7" height="20" width="30" negated="false">
              <position x="260" y="240"/>
              <connectionPointIn>
                <relPosition x="0" y="10"/>
                <connection refLocalId="9">
                  <position x="260" y="250"/>
                  <position x="235" y="250"/>
                  <position x="235" y="100"/>
                  <position x="210" y="100"/>
                </connection>
              </connectionPointIn>
              <connectionPointOut>
                <relPosition x="30" y="10"/>
              </connectionPointOut>
              <variable>led</variable>
            </contact>
            <coil localId="8" height="20" width="21" negated="true">
              <position x="500" y="90"/>
              <connectionPointIn>
                <relPosition x="0" y="10"/>
                <connection refLocalId="1" formalParameter="Q">
                  <position x="500" y="100"/>
                  <position x="410" y="100"/>
                </connection>
              </connectionPointIn>
              <connectionPointOut>
                <relPosition x="21" y="10"/>
              </connectionPointOut>
              <variable>led</variable>
            </coil>
            <contact localId="9" height="20" width="30" negated="true">
              <position x="180" y="90"/>
              <connectionPointIn>
                <relPosition x="0" y="10"/>
                <connection refLocalId="5">
                  <position x="180" y="100"/>
                  <position x="110" y="100"/>
                </connection>
              </connectionPointIn>
              <connectionPointOut>
                <relPosition x="30" y="10"/>
              </connectionPointOut>
              <variable>val</variable>
            </contact>
            <inVariable localId="3" height="30" width="50" negated="false" executionOrderId="0">
              <position x="230" y="270"/>
              <connectionPointOut>
                <relPosition x="50" y="10"/>
              </connectionPointOut>
              <expression>delay</expression>
            </inVariable>
            <coil localId="11" height="20" width="21" negated="false">
              <position x="480" y="230"/>
              <connectionPointIn>
                <relPosition x="0" y="10"/>
                <connection refLocalId="2" formalParameter="Q">
                  <position x="480" y="240"/>
                  <position x="445" y="240"/>
                  <position x="445" y="250"/>
                  <position x="410" y="250"/>
                </connection>
              </connectionPointIn>
              <connectionPointOut>
                <relPosition x="21" y="10"/>
              </connectionPointOut>
              <variable>val</variable>
            </coil>
          </LD>
        </body>
      </pou>
    </pous>
  </types>
  <instances>
    <configurations>
      <configuration name="Config0">
        <resource name="Res0">
          <task name="task0" priority="0" interval="T#20ms">
            <pouInstance name="instance0" typeName="program0"/>
          </task>
        </resource>
      </configuration>
    </configurations>
  </instances>
</project>
